BD1865040RGFA;252967
BD1865040RGFA;252968
PD120100DS01;252969
BD1656545STFA;252970
BD1855040STFA;252971
PD110110STFA;252972
PD115130STFA;252973
PD120100DS01;252974
PD120100DS01;252975
BD1555040STFA;252976
PD110110STFA;252977
PD115130STFA;252978
MA4327SEBL32;252979
BD1855040STFA;252980
FU220SEBLA35;252981
PD115130STFA;252982
BD1855040STFA;252983
PD120100DS01;252984
PD110110STFA;252983
PD110110STFA;252985
PD115130STFA;252986
PD120100DS01;252987
FU220SEBLA35;252988
PD055065STFA;252989
PD115130STFA;252990
PD115130STFA;252991
PD110110STFA;252992
BD1855050STFA;252993
BD1555040STFA;252994
BZ200050STFA;252996
BZ185040STFA;252997
MA4327SEBL32;252998
BD1865040RGFA;252999
PD115130STFA;253000
PD120100DS01;253001
PD120100DS01;253002
BD1555040STFA;253003
FU220SEBLA35;253004
BAKRR050M006;253005
MA4327SEBL32;253006
BD1656545STFA;253007
BAKRR050M007PUG;253008
PD115130STFA;253009
BD1855040STFA;253010
MA4327SEBL32;253011
PD110110STFA;253012
BD1865040RGFA;253013
BD1855040STFA;253014
PD115130STFA;253015
PD120100DS01;253016
PD110110STFA;253017
PD115105STFA;253018
PD120100DS01;253019
BZ220050STFA;253020
BD1865040RGFA;253021
PD120100DS01;253022
BD1865040RGFA;253023
PD115105STFA;253024
PD110110STFA;253025
PD120100DS01;253026
PD115130STFA;253027
BD1865040RGFA;253028
PD110110STFA;253029
PD110110STFA;253030
BD1555040STFA;253031
PD115130STFA;253032
BD1855040STFA;253033
BD1855050STFA;253034
MA4327SEBL32;253035
BD1656545STFA;253036
BZ220050STFA;253037
PD120100DS01;253039
BD1855040STFA;253040
PD115130STFA;253041
PD115130STFA;253042
PD115130STFA;253043
BD1855050STFA;253044
PD110110STFA;253045
BD1865040RGFA;253046
PD115095STFA;253047
BD1555040STFA;253048
PD110110STFA;253049
BD1865040RGFA;253050
PD120100DS01;253051
PD150140STFA;253052
BD1855040STFA;253053
PD115130STFA;253054
PD110110STFA;253055
FU220SEBLA35;253056
PD120100DS01;253057
PD120100DS01;253058
PD115130STFA;253059
PD110110STFA;252995
FU220SEBLA35;253060
BD1855040STFA;253061
PD115095STFA;253062
BD1855050STFA;253063
BD1855040STFA;253064
PD115095STFA;253065
PD110110STFA;253066
BD1656545STFA;253067
PD115095STFA;253068
BZ220050STFA;253069
MA4025SEBL32;253070
BD1555040STFA;253071
BZ220050STFA;253072
PD120100DS01;253073
BD1865040RGFA;253074
PD120100DS01;253075
PD110110STFA;253076
PD115095STFA;253077
PD110110STFA;253078
PD120100DS01;253079
PD120100DS01;253080
BD1855040STFA;253081
PD120100DS01;253082
PD110110STFA;253083
BD1865040RGFA;253084
BAKRR050M004;253085
BD1865040RGFA;253086
RS185050STFA;253087
BD1855040STFA;253088
FU220SEBLA35;253089
PD115095STFA;253090
PD110110STFA;253091
BD1865040RGFA;253092
MA4025SEBL32;253093
PD115095STFA;253094
PD115095STFA;253095
PD120100DS01;253096
PD110110STFA;253097
BD1855050STFA;253098
BD1656545STFA;253099
PD115095STFA;253100
BD1865040RGFA;253101
PD110110STFA;253102
BD1555040STFA;253103
BZ185040STFA;253104
PD115095STFA;253106
RS200050STFA;253107
PD115095STFA;253108
BD1865040RGFA;253109
PD120100DS01;253111
PD110110STFA;253112
BD1555040STFA;253113
PD115095STFA;253114
BAKRR050M004;253115
FU220SEBLA35;253116
MA4025SEBL32;253117
PD115095STFA;253118
BD1865040RGFA;253119
BD1855040STFA;253120
BD1855040STFA;253121
PD110110STFA;253122
PD110110STFA;253123
PD120110STFA;253124
BD1656545STFA;253125
PD110110STFA;253126
MA4025SEBL32;253127
PD120110STFA;253129
PD115130STFA;253130
PD110110STFA;253131
BD1555040STFA;253132
PD120110STFA;253133
FU220SEBLA35;253134
BD1865040RGFA;253135
PD115130STFA;253136
PD120110STFA;253134